<application>
  <component name="libraryTable">
    <library name="select2" type="javaScript">
      <properties>
        <sourceFilesUrls>
          <item url="file://$APPLICATION_CONFIG_DIR$/javascript/extLibs/http_cdn.jsdelivr.net_npm_select2@4.1.0-beta.1_dist_css_select2.css" />
        </sourceFilesUrls>
      </properties>
      <CLASSES>
        <root url="file://$APPLICATION_CONFIG_DIR$/javascript/extLibs/http_cdn.jsdelivr.net_npm_select2@4.1.0-beta.1_dist_css_select2.css" />
      </CLASSES>
      <SOURCES />
    </library>
  </component>
</application>